<?xml version="1.0" encoding="UTF-8"?>

<webRowSet xmlns="http://java.sun.com/xml/ns/jdbc"
           xmlns:xsi="http://www.w3.org/2001/XMLSchema-instance"
           xsi:schemaLocation="http://java.sun.com/xml/ns/jdbc http://java.sun.com/xml/ns/jdbc/webrowset.xsd">
  <properties>
    <command>SELECT * FROM STUDENT</command>
    <concurrency>1007</concurrency>
    <datasource></datasource>
    <escape-processing>true</escape-processing>
    <fetch-direction>1002</fetch-direction>
    <fetch-size>10</fetch-size>
    <isolation-level>2</isolation-level>
    <key-columns>
    </key-columns>
    <map>
    </map>
    <max-field-size>0</max-field-size>
    <max-rows>0</max-rows>
    <query-timeout>0</query-timeout>
    <read-only>false</read-only>
    <rowset-type>1005</rowset-type>
    <show-deleted>false</show-deleted>
    <table-name></table-name>
    <url>jdbc:oracle:thin:@localhost:1521:xe</url>
    <sync-provider>
      <sync-provider-name>com.sun.rowset.providers.RIOptimisticProvider</sync-provider-name>
      <sync-provider-vendor>Oracle Corporation</sync-provider-vendor>
      <sync-provider-version>1.0</sync-provider-version>
      <sync-provider-grade>2</sync-provider-grade>
      <data-source-lock>1</data-source-lock>
    </sync-provider>
  </properties>
  <metadata>
    <column-count>4</column-count>
    <column-definition>
      <column-index>1</column-index>
      <auto-increment>false</auto-increment>
      <case-sensitive>false</case-sensitive>
      <currency>true</currency>
      <nullable>0</nullable>
      <signed>true</signed>
      <searchable>true</searchable>
      <column-display-size>22</column-display-size>
      <column-label>SNO</column-label>
      <column-name>SNO</column-name>
      <schema-name></schema-name>
      <column-precision>5</column-precision>
      <column-scale>0</column-scale>
      <table-name></table-name>
      <catalog-name></catalog-name>
      <column-type>2</column-type>
      <column-type-name>NUMBER</column-type-name>
    </column-definition>
    <column-definition>
      <column-index>2</column-index>
      <auto-increment>false</auto-increment>
      <case-sensitive>true</case-sensitive>
      <currency>false</currency>
      <nullable>1</nullable>
      <signed>true</signed>
      <searchable>true</searchable>
      <column-display-size>20</column-display-size>
      <column-label>SNAME</column-label>
      <column-name>SNAME</column-name>
      <schema-name></schema-name>
      <column-precision>0</column-precision>
      <column-scale>0</column-scale>
      <table-name></table-name>
      <catalog-name></catalog-name>
      <column-type>12</column-type>
      <column-type-name>VARCHAR2</column-type-name>
    </column-definition>
    <column-definition>
      <column-index>3</column-index>
      <auto-increment>false</auto-increment>
      <case-sensitive>true</case-sensitive>
      <currency>false</currency>
      <nullable>1</nullable>
      <signed>true</signed>
      <searchable>true</searchable>
      <column-display-size>20</column-display-size>
      <column-label>SADD</column-label>
      <column-name>SADD</column-name>
      <schema-name></schema-name>
      <column-precision>0</column-precision>
      <column-scale>0</column-scale>
      <table-name></table-name>
      <catalog-name></catalog-name>
      <column-type>12</column-type>
      <column-type-name>VARCHAR2</column-type-name>
    </column-definition>
    <column-definition>
      <column-index>4</column-index>
      <auto-increment>false</auto-increment>
      <case-sensitive>false</case-sensitive>
      <currency>true</currency>
      <nullable>1</nullable>
      <signed>true</signed>
      <searchable>true</searchable>
      <column-display-size>22</column-display-size>
      <column-label>AVG</column-label>
      <column-name>AVG</column-name>
      <schema-name></schema-name>
      <column-precision>10</column-precision>
      <column-scale>2</column-scale>
      <table-name></table-name>
      <catalog-name></catalog-name>
      <column-type>2</column-type>
      <column-type-name>NUMBER</column-type-name>
    </column-definition>
  </metadata>
  <data>
    <currentRow>
      <columnValue>1002</columnValue>
      <columnValue>ramesh</columnValue>
      <columnValue>raipur</columnValue>
      <columnValue>45.77</columnValue>
    </currentRow>
    <currentRow>
      <columnValue>6789</columnValue>
      <columnValue>animesh</columnValue>
      <columnValue>delhi</columnValue>
      <columnValue>78.99</columnValue>
    </currentRow>
    <currentRow>
      <columnValue>34555</columnValue>
      <columnValue>mahesh</columnValue>
      <columnValue>hyd</columnValue>
      <columnValue>99.99</columnValue>
    </currentRow>
    <currentRow>
      <columnValue>6189</columnValue>
      <columnValue>animesh</columnValue>
      <columnValue>delhi</columnValue>
      <columnValue>78.99</columnValue>
    </currentRow>
  </data>
</webRowSet>
